Rk,Player,Nation,Pos,Squad,Age,Born,90s,goals,shots,shots_on_target,shots_on_target_perc,shots_per_90,shots_on_target_per_90,goals_per_shot,goals_per_shot_on_target,shot_distance,free_kicks,penalties_made,penalties_att,xG,npxG,npXG_per_shot,goals_over_xg,npgoals_over_xg
1,Teresa Abelleira,es ESP,MF,Real Madrid,24,2000,13.9,1,25,7,28,1.8,0.5,0.04,0.14,26.5,3,0,1,1.9,1.2,0.05,-0.9,-0.2
2,Aiara Agirrezabala,,"DF,MF",Real Sociedad,15,2008,2.2,0,1,0,0,0.46,0,0,,21.8,0,0,0,0,0,0.03,0,0
3,Daniela Agote,,"FW,MF",Athletic Club,17,2006,4.9,2,11,4,36.4,2.26,0.82,0.18,0.5,15.8,1,0,0,1.4,1.4,0.13,0.6,0.6
4,Júlia Aguado,es ESP,"FW,MF",Real Betis,24,2000,5.8,0,9,1,11.1,1.56,0.17,0,0,13.8,0,0,0,1.4,1.4,0.15,-1.4,-1.4
5,Yolanda Aguirre,es ESP,GK,Sevilla,25,1998,2.1,0,0,0,,0,0,,,,0,0,0,0,0,,0,0
6,Rasheedat Ajibade,ng NGA,"FW,MF",Atlético Madrid,24,1999,17.8,7,33,14,42.4,1.85,0.79,0.21,0.5,16.5,0,0,0,3.6,3.6,0.11,3.4,3.4
7,Ainhoa Alguacil,es ESP,"MF,FW",Valencia,18,2006,21.7,1,14,4,28.6,0.64,0.18,0,0,22.7,0,1,1,1.3,0.5,0.04,-0.3,-0.5
8,María Alharilla Casado,es ESP,DF,Levante,33,1990,24.6,3,11,6,54.5,0.45,0.24,0.27,0.5,18.6,0,0,0,0.5,0.5,0.05,2.5,2.5
9,Amirah Ali,us USA,"FW,MF",Valencia,25,1998,6.1,0,8,1,12.5,1.32,0.17,0,0,14.5,0,0,0,0.7,0.7,0.09,-0.7,-0.7
10,Vitória Almeida,,FW,Valencia,24,1999,4.8,1,15,4,26.7,3.13,0.84,0.07,0.25,18.9,1,0,0,0.7,0.7,0.05,0.3,0.3
11,Eva Alonso,,"DF,MF",Levante,22,2002,23.5,3,15,8,53.3,0.64,0.34,0.2,0.38,16.8,0,0,0,0.9,0.9,0.06,2.1,2.1
12,Arene Altonaga,es ESP,MF,Eibar,31,1993,21.1,1,14,3,21.4,0.66,0.14,0.07,0.33,23.6,0,0,0,0.8,0.8,0.06,0.2,0.2
13,Oriana Altuve,ve VEN,"FW,MF",Dep La Coruña,31,1992,2.1,1,4,4,100,1.93,1.93,0.25,0.25,20.2,0,0,0,0.4,0.4,0.11,0.6,0.6
14,Andrea Álvarez,gt GUA,FW,Eibar,21,2003,13.4,3,15,6,40,1.12,0.45,0.13,0.33,25.6,0,1,2,2.7,1.2,0.08,0.3,0.8
15,Carmen Álvarez,es ESP,FW,Real Betis,21,2003,3,0,5,2,40,1.67,0.67,0,0,15.5,0,0,0,0.5,0.5,0.09,-0.5,-0.5
16,Carmen Álvarez,es ESP,FW,Eibar,21,2003,7,2,17,8,47.1,2.42,1.14,0.06,0.13,12.6,0,1,1,2.6,1.9,0.11,-0.6,-0.9
17,Isabel Álvarez,es ESP,DF,Granada,25,1999,20.8,2,8,3,37.5,0.38,0.14,0.25,0.67,18.6,3,0,0,0.9,0.9,0.11,1.1,1.1
18,Bernadette Amani,ci CIV,MF,Eibar,26,1997,21.2,0,23,9,39.1,1.08,0.42,0,0,23,0,0,0,0.9,0.9,0.04,-0.9,-0.9
19,Jone Amezaga,es ESP,"FW,MF",Athletic Club,19,2005,16.1,2,18,7,38.9,1.12,0.44,0.06,0.14,15.5,0,1,1,3.2,2.5,0.14,-1.2,-1.5
20,Nataša Andonova,mk MKD,"MF,FW",Madrid CFF,30,1993,10.2,3,17,8,47.1,1.67,0.79,0.18,0.38,24.6,2,0,0,1,1,0.06,2,2
21,Carla Andrés,es ESP,DF,Eibar,21,2002,22.5,0,5,1,20,0.22,0.04,0,0,13.5,0,0,0,0.4,0.4,0.09,-0.4,-0.4
22,Filippa Angeldahl,se SWE,MF,Real Madrid,27,1997,20.4,4,46,17,37,2.26,0.83,0.09,0.24,23.8,0,0,0,2.6,2.6,0.06,1.4,1.4
23,Antônia,br BRA,DF,Real Madrid,30,1994,14,0,11,5,45.5,0.78,0.36,0,0,21.2,0,0,0,0.6,0.6,0.06,-0.6,-0.6
24,Hildur Antonsdóttir,is ISL,MF,Madrid CFF,28,1995,15.4,1,11,2,18.2,0.71,0.13,0.09,0.5,21.7,0,0,0,0.7,0.7,0.06,0.3,0.3
25,Arola Aparicio,es ESP,"FW,MF",Espanyol,26,1997,19.3,4,29,11,37.9,1.5,0.57,0.14,0.36,17.4,0,0,0,3.2,3.2,0.11,0.8,0.8
26,Nahia Aparicio,es ESP,DF,Real Sociedad,20,2004,25.5,1,17,4,23.5,0.67,0.16,0.06,0.25,10.7,0,0,0,1.4,1.4,0.08,-0.4,-0.4
27,Floriangel Apóstol,,FW,Dep La Coruña,18,2005,1,0,1,0,0,1.03,0,0,,10.4,0,0,0,0.1,0.1,0.08,-0.1,-0.1
28,Eider Arana,es ESP,"DF,MF",Eibar,22,2002,28,0,9,2,22.2,0.32,0.07,0,0,19,0,0,0,0.5,0.5,0.05,-0.5,-0.5
29,Paula Arana,es ESP,"FW,MF",Granada,22,2001,4.5,1,8,3,37.5,1.8,0.67,0,0,15.9,0,1,1,1.4,0.6,0.08,-0.4,-0.6
30,Karen Araya,cl CHI,MF,Madrid CFF,33,1990,7.7,0,18,6,33.3,2.33,0.78,0,0,27.4,1,0,0,0.8,0.8,0.04,-0.8,-0.8
31,Carla Armengol,es ESP,"FW,MF",Real Betis,26,1998,19.6,3,52,25,48.1,2.65,1.27,0.06,0.12,19.5,0,0,0,3,3,0.06,0,0
32,Iris Arnaiz Gil,es ESP,MF,Sevilla,30,1994,20.4,0,9,1,11.1,0.44,0.05,0,0,22.7,0,0,0,0.6,0.6,0.06,-0.6,-0.6
33,Daniela Arques,es ESP,"MF,FW",Levante,18,2006,16.9,2,21,7,33.3,1.24,0.41,0.1,0.29,23.5,2,0,0,1.2,1.2,0.06,0.8,0.8
34,Julia Arrula,es ESP,GK,Real Sociedad,18,2006,3,0,0,0,,0,0,,,,0,0,0,0,0,,0,0
35,Marina Artero,,"DF,MF",Dep La Coruña,18,2005,12.1,0,5,2,40,0.41,0.17,0,0,14.1,0,0,0,0.2,0.2,0.04,-0.2,-0.2
36,Eunate Astralaga,es ESP,GK,Eibar,18,2005,15.7,0,0,0,,0,0,,,,0,0,0,0,0,,0,0
37,María Asunción Quiñones,es ESP,GK,Athletic Club,27,1996,1,0,0,0,,0,0,,,,0,0,0,0,0,,0,0
38,Ángela Avivar,,FW,Real Betis,,0,0,0,0,0,,0,0,,,,0,0,0,0,0,,0,0
39,Ane Azkona,es ESP,"FW,MF",Athletic Club,26,1998,17.6,6,29,10,34.5,1.65,0.57,0.21,0.6,9.5,0,0,0,7.2,7.2,0.25,-1.2,-1.2
40,Rinsola Babajide,ng NGA,FW,UDG Tenerife,26,1998,21.8,10,47,22,46.8,2.16,1.01,0.17,0.36,21.9,0,2,3,6.3,4.1,0.09,3.7,3.9
41,Laida Balerdi,,DF,Athletic Club,21,2003,0.1,0,0,0,,0,0,,,,0,0,0,0,0,,0,0
42,Laia Ballesté,ch SUI,DF,Espanyol,24,1999,19.5,0,12,4,33.3,0.62,0.21,0,0,34.4,4,0,0,0.4,0.4,0.03,-0.4,-0.4
43,Estefanía Banini,ar ARG,"MF,FW",Levante Planas,34,1990,17.2,1,38,16,42.1,2.21,0.93,0.03,0.06,18.2,2,0,0,3.9,3.9,0.1,-2.9,-2.9
44,Leire Baños,es ESP,"DF,MF",Athletic Club,27,1996,28.4,0,13,0,0,0.46,0,0,,15.3,0,0,0,0.9,0.9,0.07,-0.9,-0.9
45,Xenia Barrios,,FW,Sevilla,15,2008,0.1,0,0,0,,0,0,,,,0,0,0,0,0,,0,0
46,Merle Barth,de GER,"DF,MF",Atlético Madrid,30,1994,5.2,0,0,0,,0,0,,,,0,0,0,0,0,,0,0
47,Ona Batlle,es ESP,DF,Barcelona,25,1999,15.2,4,20,10,50,1.32,0.66,0.2,0.4,14.7,0,0,0,2.6,2.6,0.13,1.4,1.4
48,Cristina Baudet,es ESP,"FW,MF",Levante Planas,33,1991,1,1,4,2,50,4.19,2.09,0.25,0.5,23.7,0,0,0,0.3,0.3,0.07,0.7,0.7
49,Cristina Baudet,es ESP,"MF,FW",Espanyol,33,1991,8.9,1,24,5,20.8,2.69,0.56,0.04,0.2,22.6,1,0,0,1.2,1.2,0.05,-0.2,-0.2
50,Noemí Bejarano,,DF,Real Madrid,18,2006,0.1,0,0,0,,0,0,,,,0,0,0,0,0,,0,0
51,Beatriz Beltrán,,"DF,FW",UDG Tenerife,26,1997,2.8,0,3,0,0,1.05,0,0,,14.9,0,0,0,0.2,0.2,0.06,-0.2,-0.2
52,Elyse Bennett,us USA,"FW,MF",Dep La Coruña,24,1999,2.3,1,6,4,66.7,2.6,1.73,0.17,0.25,13.2,0,0,0,0.8,0.8,0.14,0.2,0.2
53,Claudia Blanco,es ESP,"MF,FW",UDG Tenerife,27,1997,15.4,0,16,9,56.3,1.04,0.59,0,0,17.7,0,0,0,1.7,1.7,0.11,-1.7,-1.7
54,Jassina Blom,be BEL,"FW,MF",UDG Tenerife,29,1994,9.8,3,27,9,33.3,2.75,0.92,0.11,0.33,17.3,2,0,0,3.2,3.2,0.12,-0.2,-0.2
55,Aitana Bonmatí,es ESP,MF,Barcelona,26,1998,21.3,12,69,31,44.9,3.24,1.46,0.17,0.39,16.8,0,0,0,9.4,9.4,0.14,2.6,2.6
56,Florencia Bonsegundo,ar ARG,"MF,FW",Madrid CFF,31,1993,18.8,1,42,13,31,2.24,0.69,0.02,0.08,22.3,0,0,0,3.4,3.4,0.08,-2.4,-2.4
57,Biljana Bradić,rs SRB,"FW,MF",Granada,33,1991,0.1,0,0,0,,0,0,,,,0,0,0,0,0,,0,0
58,Phornetia Browne,kn SKN,"FW,MF",Valencia,30,1994,20.9,1,28,7,25,1.34,0.33,0.04,0.14,16.2,0,0,1,3.2,2.5,0.09,-2.2,-1.5
59,Esmee Brugts,nl NED,"DF,FW",Barcelona,21,2003,15.8,6,54,22,40.7,3.41,1.39,0.11,0.27,19.2,0,0,0,4.2,4.2,0.08,1.8,1.8
60,Signe Bruun,dk DEN,"FW,MF",Real Madrid,26,1998,13.6,12,69,24,34.8,5.08,1.77,0.17,0.5,15.2,0,0,1,12.1,10.7,0.16,-0.1,1.3
61,Vilde Bøe Risa,no NOR,MF,Atlético Madrid,29,1995,19.8,2,30,7,23.3,1.51,0.35,0.03,0.14,22.4,3,1,1,2.6,1.9,0.06,-0.6,-0.9
62,Angela Cabezas,,DF,Real Betis,,0,0.1,0,0,0,,0,0,,,,0,0,0,0,0,,0,0
63,Millene Cabral,,FW,Dep La Coruña,26,1997,25.1,6,71,28,39.4,2.83,1.11,0.08,0.21,18.4,0,0,1,8.9,8,0.11,-2.9,-2
64,Klára Cahynová,cz CZE,"MF,DF",Real Sociedad,30,1993,24.1,3,12,8,66.7,0.5,0.33,0.25,0.38,13.2,0,0,0,1.1,1.1,0.1,1.9,1.9
65,Linda Caicedo,co COL,"FW,MF",Real Madrid,19,2005,18.1,7,54,25,46.3,2.98,1.38,0.13,0.28,15,0,0,0,6.5,6.5,0.12,0.5,0.5
66,Tiffany Cameron,jm JAM,FW,Real Betis,32,1991,9,2,12,7,58.3,1.33,0.78,0.17,0.29,12.4,0,0,0,1.9,1.9,0.16,0.1,0.1
67,Laura Camino,es ESP,"FW,DF",Eibar,22,2002,21.2,1,18,4,22.2,0.85,0.19,0.06,0.25,27.5,1,0,0,0.8,0.8,0.04,0.2,0.2
68,Ainoa Campo,es ESP,MF,Espanyol,28,1996,23.3,2,42,9,21.4,1.8,0.39,0.05,0.22,15,0,0,0,4,4,0.09,-2,-2
69,Ane Campos,es ESP,FW,Eibar,25,1999,8.4,3,10,5,50,1.18,0.59,0.3,0.6,9.8,0,0,0,2.1,2.1,0.21,0.9,0.9
70,Antonia Canales,cl CHI,GK,Valencia,21,2002,25,0,0,0,,0,0,,,,0,0,0,0,0,,0,0
71,Alba Caño,es ESP,"MF,FW",Barcelona,20,2003,3.9,1,12,4,33.3,3.11,1.04,0.08,0.25,22.6,0,0,0,0.8,0.8,0.07,0.2,0.2
72,Nati Cano,es ESP,"FW,MF",Eibar,20,2003,0.7,0,0,0,,0,0,,,,0,0,0,0,0,,0,0
73,Daniela Caracas,co COL,DF,Espanyol,27,1997,25.9,0,4,0,0,0.15,0,0,,24.3,0,0,0,0.1,0.1,0.03,-0.1,-0.1
74,Carmen Carballada,,DF,Dep La Coruña,19,2005,0,0,0,0,,0,0,,,,0,0,0,0,0,,0,0
75,Estela Carbonell,es ESP,DF,Levante,19,2004,24.8,3,21,9,42.9,0.85,0.36,0.14,0.33,15.6,0,0,0,2.1,2.1,0.1,0.9,0.9
76,Marta Cardona,es ESP,FW,Atlético Madrid,29,1995,2.1,0,5,2,40,2.34,0.94,0,0,20.7,0,0,0,0.1,0.1,0.03,-0.1,-0.1
77,Nerea Carmona,es ESP,DF,Levante Planas,,0,0.4,0,0,0,,0,0,,,,0,0,0,0,0,,0,0
78,Olga Carmona,es ESP,DF,Real Madrid,24,2000,19,5,27,11,40.7,1.42,0.58,0.11,0.27,28,0,2,4,4.1,1.1,0.04,0.9,1.9
79,Marta Carrasco,es ESP,DF,Granada,29,1994,9.7,0,3,1,33.3,0.31,0.1,0,0,15.4,0,0,0,0.2,0.2,0.05,-0.2,-0.2
80,Raiderlin Carrasco,ve VEN,"DF,MF",Levante,22,2002,8,0,9,6,66.7,1.12,0.75,0,0,17.4,0,0,0,0.9,0.9,0.1,-0.9,-0.9
81,Carla Carrillo,es ESP,FW,Real Madrid,19,2005,2.7,1,9,3,33.3,3.35,1.12,0.11,0.33,12.3,0,0,0,1,1,0.11,0,0
82,Marta Carro,es ESP,"DF,MF",Valencia,33,1991,26.7,3,16,6,37.5,0.6,0.22,0.19,0.5,12.2,0,0,0,2,2,0.13,1,1
83,Trudi Carter,jm JAM,"FW,MF",Espanyol,29,1994,2.8,1,12,5,41.7,4.27,1.78,0.08,0.2,19,0,0,0,1.7,1.7,0.14,-0.7,-0.7
84,Sandra Castelló,es ESP,MF,UDG Tenerife,30,1993,25.6,0,13,3,23.1,0.51,0.12,0,0,17.9,0,0,0,0.7,0.7,0.05,-0.7,-0.7
85,Alba Cerrato,es ESP,"FW,MF",Sevilla,,0,4.7,1,20,5,25,4.26,1.06,0.05,0.2,16.7,0,0,0,3,3,0.15,-2,-2
86,Mariana Cerro,es ESP,"MF,DF",Athletic Club,24,2000,1.5,0,0,0,,0,0,,,,0,0,0,0,0,,0,0
87,Mariana Cerro,es ESP,MF,Eibar,24,2000,13.4,2,13,5,38.5,0.97,0.37,0.08,0.2,23.7,0,1,1,1.5,0.8,0.06,0.5,0.2
88,Ivonne Chacón,co COL,FW,Levante,26,1997,28.3,11,48,24,50,1.69,0.85,0.23,0.46,13.1,0,0,0,8.2,8.2,0.17,2.8,2.8
89,Lice Chamorro,py PAR,FW,Espanyol,25,1998,25.1,7,37,16,43.2,1.48,0.64,0.19,0.44,16.9,0,0,1,4.2,3.4,0.09,2.8,3.6
90,Mylène Chavas,fr FRA,GK,Real Madrid,26,1998,4,0,0,0,,0,0,,,,0,0,0,0,0,,0,0
91,Ghizlane Chebbak,ma MAR,"MF,FW",Levante Planas,33,1990,21.1,3,30,11,36.7,1.42,0.52,0.1,0.27,21.3,2,0,0,3.2,3.2,0.11,-0.2,-0.2
92,Dorine Chuigoué,gq EQG,DF,Real Betis,35,1988,17.8,1,5,1,20,0.28,0.06,0.2,1,9.4,0,0,0,0.4,0.4,0.08,0.6,0.6
93,Claudia,es ESP,"DF,MF",Valencia,26,1998,27.5,0,7,1,14.3,0.25,0.04,0,0,12.9,0,0,0,0.5,0.5,0.07,-0.5,-0.5
94,Paula Coba,,GK,Espanyol,18,2006,0.1,0,0,0,,0,0,,,,0,0,0,0,0,,0,0
95,Cata Coll,es ESP,GK,Barcelona,23,2001,21.5,0,0,0,,0,0,,,,0,0,0,0,0,,0,0
96,Pau Comendador,es ESP,FW,Real Madrid,17,2007,0.3,0,2,1,50,5.81,2.9,0,0,17.4,0,0,0,0.1,0.1,0.07,-0.1,-0.1
97,Aldana Cometti,ar ARG,DF,Madrid CFF,28,1996,20.9,1,13,5,38.5,0.62,0.24,0.08,0.2,11.5,0,0,0,0.9,0.9,0.07,0.1,0.1
98,Marta Constantino,,"FW,MF",Valencia,18,2005,1.4,0,0,0,,0,0,,,,0,0,0,0,0,,0,0
99,Laura Coronado,es ESP,GK,Levante Planas,21,2003,9.7,0,0,0,,0,0,,,,0,0,0,0,0,,0,0
100,Lucía Corrales,es ESP,"DF,FW",Sevilla,18,2005,25.8,0,24,8,33.3,0.93,0.31,0,0,26.5,6,0,0,1.1,1.1,0.05,-1.1,-1.1
101,Millaray Cortés,,"MF,FW",Sevilla,20,2004,7,2,11,2,18.2,1.57,0.29,0.18,1,30.1,1,0,0,0.5,0.5,0.04,1.5,1.5
102,Cristina Cubedo,es ESP,DF,Levante Planas,24,1999,5.3,0,4,1,25,0.75,0.19,0,0,8.2,0,0,0,0.5,0.5,0.12,-0.5,-0.5
103,Iglesias De La Cruz,es ESP,MF,UDG Tenerife,20,2003,17.9,2,22,6,27.3,1.23,0.33,0.09,0.33,21,3,0,0,1.5,1.5,0.07,0.5,0.5
104,Alba De La Fuente,es ESP,"MF,FW",Levante,20,2003,0.1,0,0,0,,0,0,,,,0,0,0,0,0,,0,0
105,Ángeles Del Álamo,,FW,Espanyol,26,1998,7.3,2,14,8,57.1,1.91,1.09,0.14,0.25,17.4,0,0,0,1.9,1.9,0.13,0.1,0.1
106,Athenea del Castillo,es ESP,FW,Real Madrid,23,2000,16,6,46,15,32.6,2.87,0.94,0.13,0.4,15.2,0,0,0,6.3,6.3,0.14,-0.3,-0.3
107,Fatou Dembele,,DF,UDG Tenerife,23,2000,11,1,6,2,33.3,0.54,0.18,0.17,0.5,18.1,1,0,0,0.6,0.6,0.1,0.4,0.4
108,Clara Díaz,es ESP,MF,Barcelona,16,2007,0.1,0,1,0,0,9,0,0,,28.6,0,0,0,0,0,0.02,0,0
109,Eva Dios,,MF,Dep La Coruña,22,2002,12,0,17,7,41.2,1.42,0.58,0,0,24.3,1,0,0,0.8,0.8,0.05,-0.8,-0.8
110,Laura Domínguez,es ESP,"DF,MF",Madrid CFF,26,1997,5.9,0,7,1,14.3,1.18,0.17,0,0,17.1,0,0,0,0.5,0.5,0.07,-0.5,-0.5
111,Irune Dorado,es ESP,"MF,FW",Real Madrid,16,2008,1.8,0,4,0,0,2.18,0,0,,18.7,0,0,0,0.3,0.3,0.08,-0.3,-0.3
112,Aina Durán,,MF,Espanyol,,0,0.4,0,1,0,0,2.57,0,0,,22.8,0,0,0,0,0,0.04,0,0
113,María Echezarreta,,GK,UDG Tenerife,22,2001,1,0,0,0,,0,0,,,,0,0,0,0,0,,0,0
114,Intza Eguiguren,es ESP,"MF,FW",Real Sociedad,18,2005,5.6,0,5,1,20,0.89,0.18,0,0,16.4,0,0,0,0.5,0.5,0.11,-0.5,-0.5
115,Nerea Eizaguirre,es ESP,"MF,FW",Real Sociedad,24,2000,22.2,5,41,16,39,1.84,0.72,0.1,0.25,20.4,1,1,2,5.2,3.7,0.09,-0.2,0.3
116,Ane Elexpuru,es ESP,"DF,MF",Athletic Club,21,2003,25.5,2,15,8,53.3,0.59,0.31,0.13,0.25,17.9,0,0,0,1.4,1.4,0.09,0.6,0.6
117,Rebecca Elloh,ci CIV,"FW,MF",Levante Planas,29,1994,6.2,3,21,5,23.8,3.38,0.81,0.14,0.6,13.9,1,0,0,2.8,2.8,0.14,0.2,0.2
118,Emily,br BRA,"DF,FW",Madrid CFF,22,2002,4.8,0,1,1,100,0.21,0.21,0,0,25.6,0,0,0,0,0,0.03,0,0
119,Núria Escoms,es ESP,MF,Levante,17,2006,0.1,0,0,0,,0,0,,,,0,0,0,0,0,,0,0
120,María Estella,es ESP,DF,UDG Tenerife,30,1994,11.7,0,1,1,100,0.09,0.09,0,0,10.5,0,0,0,0.1,0.1,0.1,-0.1,-0.1
121,Aída Esteve,es ESP,"MF,FW",Valencia,23,2001,22.5,1,39,13,33.3,1.74,0.58,0.03,0.08,26.4,1,0,0,1.6,1.6,0.04,-0.6,-0.6
122,Ainhoa Estevez,es ESP,MF,Levante,20,2004,5.7,0,4,0,0,0.71,0,0,,12,0,0,0,0.3,0.3,0.08,-0.3,-0.3
123,Sandra Estévez,es ESP,GK,Granada,22,2002,19.8,0,0,0,,0,0,,,,0,0,0,0,0,,0,0
124,Ylenia Estrella,,"MF,FW",Espanyol,,0,0.2,0,0,0,,0,0,,,,0,0,0,0,0,,0,0
125,Ane Etxezarreta,es ESP,DF,Real Sociedad,28,1995,5.7,0,1,1,100,0.17,0.17,0,0,38.2,0,0,0,0,0,0.02,0,0
126,Motunrayo Ezekiel,,"FW,MF",Valencia,21,2003,0.9,1,3,2,66.7,3.33,2.22,0.33,0.5,26.6,0,0,0,0.1,0.1,0.04,0.9,0.9
127,Garazi Fácila,es ESP,"DF,MF",Athletic Club,24,1999,3,0,0,0,,0,0,,,,0,0,0,0,0,,0,0
128,Naomie Feller,fr FRA,FW,Real Madrid,22,2001,9.8,3,23,6,26.1,2.36,0.62,0.13,0.5,12.2,0,0,0,3.6,3.6,0.16,-0.6,-0.6
129,Carolina Férez,es ESP,"MF,FW",Real Betis,33,1991,20.7,3,25,7,28,1.21,0.34,0.12,0.43,18.1,0,0,0,3.3,3.3,0.13,-0.3,-0.3
130,Alexia Fernández,es ESP,DF,Granada,22,2002,25.5,5,25,13,52,0.98,0.51,0.2,0.38,19.2,0,0,0,2.4,2.4,0.1,2.6,2.6
131,Claudia Fernández,,"MF,DF",Athletic Club,21,2003,0.4,0,1,0,0,2.43,0,0,,25,0,0,0,0,0,0.02,0,0
132,Daniela Fernandez,,FW,Levante,17,2006,0,0,0,0,,0,0,,,,0,0,0,0,0,,0,0
133,Estela Fernández,es ESP,"MF,FW",Real Betis,33,1991,5.7,0,2,2,100,0.35,0.35,0,0,23.2,1,0,0,0.1,0.1,0.05,-0.1,-0.1
134,Jana Fernández,es ESP,DF,Barcelona,22,2002,16.5,1,27,9,33.3,1.64,0.55,0.04,0.11,15.6,0,0,0,2.2,2.2,0.08,-1.2,-1.2
135,Martina Fernández,es ESP,"DF,FW",Barcelona,19,2004,0.2,0,0,0,,0,0,,,,0,0,0,0,0,,0,0
136,Paula Fernandez,es ESP,MF,Levante,25,1999,28.2,1,36,14,38.9,1.28,0.5,0.03,0.07,24.1,0,0,0,1.8,1.8,0.05,-0.8,-0.8
137,Fiamma,es ESP,"MF,FW",Atlético Madrid,20,2004,21.7,4,43,15,34.9,1.98,0.69,0.07,0.2,21.3,4,1,1,3.5,2.7,0.06,0.5,0.3
138,Gemma Font,es ESP,GK,Barcelona,24,1999,6.5,0,0,0,,0,0,,,,0,0,0,0,0,,0,0
139,Ana Franco,es ESP,"FW,MF",Levante,25,1999,10.9,1,21,3,14.3,1.92,0.27,0.05,0.33,12.6,0,0,0,2.5,2.5,0.12,-1.5,-1.5
140,Sanni Franssi,fi FIN,FW,Real Sociedad,29,1995,20.7,4,34,13,38.2,1.65,0.63,0.12,0.31,17.1,0,0,0,4.7,4.7,0.14,-0.7,-0.7
141,María Gabaldón,es ESP,DF,Levante,20,2003,11.2,0,10,6,60,0.89,0.53,0,0,24.3,0,0,0,0.5,0.5,0.05,-0.5,-0.5
142,Dolores Gallardo,es ESP,GK,Atlético Madrid,31,1993,27,0,0,0,,0,0,,,,0,0,0,0,0,,0,0
143,Andrea Gálvez,,FW,Sevilla,15,2008,0.1,0,0,0,,0,0,,,,0,0,0,0,0,,0,0
144,Rocío Gálvez,es ESP,DF,Real Madrid,27,1997,12.7,0,8,0,0,0.63,0,0,,18.5,0,0,0,0.3,0.3,0.04,-0.3,-0.3
145,Gio Garbelini,br BRA,FW,Atlético Madrid,21,2003,20.8,5,41,19,46.3,1.97,0.91,0.12,0.26,14.6,0,0,0,5.1,5.1,0.12,-0.1,-0.1
146,Débora García,es ESP,DF,Sevilla,34,1989,20.5,0,7,2,28.6,0.34,0.1,0,0,31.7,0,0,0,0.3,0.3,0.04,-0.3,-0.3
147,Gabriela García,ve VEN,MF,Atlético Madrid,27,1997,26.1,4,42,15,35.7,1.61,0.57,0.1,0.27,12.9,0,0,0,4.9,4.9,0.12,-0.9,-0.9
148,Sonia García Majarín,es ESP,DF,Levante Planas,21,2002,27,2,14,6,42.9,0.52,0.22,0.14,0.33,20.3,3,0,0,2,2,0.14,0,0
149,Nahikari García,es ESP,"FW,MF",Athletic Club,27,1997,20.5,5,27,10,37,1.32,0.49,0.07,0.2,15.3,0,3,3,5.3,3.1,0.11,-0.3,-1.1
150,Naima García,es ESP,"MF,FW",Real Betis,26,1998,24.9,3,50,17,34,2.01,0.68,0.06,0.18,22.3,3,0,0,4.3,4.3,0.09,-1.3,-1.3
151,Noelia García,es ESP,GK,Eibar,31,1992,1,0,0,0,,0,0,,,,0,0,0,0,0,,0,0
152,Raquel García,,DF,Dep La Coruña,27,1997,30,0,8,4,50,0.27,0.13,0,0,11.5,0,0,0,0.5,0.5,0.06,-0.5,-0.5
153,Sheila García,es ESP,DF,Real Madrid,27,1997,16.5,1,13,4,30.8,0.79,0.24,0.08,0.25,20,0,0,0,0.9,0.8,0.06,0.1,0.2
154,Nuria Garrote,es ESP,DF,Levante Planas,27,1997,9.4,0,6,2,33.3,0.64,0.21,0,0,24.4,0,0,0,0.2,0.2,0.04,-0.2,-0.2
155,Pilar Garrote,es ESP,"MF,DF",Levante Planas,27,1997,0.1,0,0,0,,0,0,,,,0,0,0,0,0,,0,0
156,Patricia Gavira,es ESP,DF,UDG Tenerife,35,1989,27,1,7,3,42.9,0.26,0.11,0.14,0.33,16.4,0,0,0,0.7,0.7,0.1,0.3,0.3
157,Noelia Gil,es ESP,GK,Real Betis,30,1994,9.7,0,0,0,,0,0,,,,0,0,0,0,0,,0,0
158,Gemma Gili,es ESP,"MF,FW",Sevilla,30,1994,27.4,2,28,10,35.7,1.02,0.36,0.07,0.2,21.3,3,0,0,2.2,2.2,0.08,-0.2,-0.2
159,Diana Gomes,pt POR,DF,Sevilla,26,1998,26.7,0,6,1,16.7,0.22,0.04,0,0,16.9,0,0,0,0.4,0.4,0.07,-0.4,-0.4
160,Andrea Gómez,es ESP,"MF,FW",Granada,21,2003,10.6,2,26,10,38.5,2.46,0.95,0.08,0.2,18,0,0,0,1.8,1.8,0.07,0.2,0.2
161,Esther Gómez,,"DF,FW",Valencia,,0,0.8,0,0,0,,0,0,,,,0,0,0,0,0,,0,0
162,Yohana Gómez,,GK,Dep La Coruña,30,1994,2,0,0,0,,0,0,,,,0,0,0,0,0,,0,0
163,Ana González,es ESP,MF,Levante Planas,29,1995,9.9,3,4,3,75,0.4,0.3,0.25,0.33,22.6,0,2,2,1.7,0.2,0.05,1.3,0.8
164,Érika González,es ESP,"FW,MF",Levante,19,2004,16.6,3,30,18,60,1.81,1.09,0.07,0.11,18.6,0,1,1,3.1,2.4,0.08,-0.1,-0.4
165,Pamela González,uy URU,MF,Sevilla,28,1995,21.9,0,15,4,26.7,0.69,0.18,0,0,15.6,1,0,0,1.8,1.8,0.12,-1.8,-1.8
166,Caroline Graham Hansen,no NOR,FW,Barcelona,29,1995,15.8,11,80,25,31.3,5.07,1.58,0.13,0.4,15.2,4,1,1,9.8,9,0.11,1.2,1
167,Madeline Gravante,,DF,Levante,24,1999,0.3,0,1,0,0,3.21,0,0,,13.2,0,0,0,0.1,0.1,0.06,-0.1,-0.1
168,Guereñu,,"DF,MF",Eibar,21,2003,0.9,0,0,0,,0,0,,,,0,0,0,0,0,,0,0
169,Júlia Guerra,,DF,Espanyol,22,2002,29,3,10,7,70,0.34,0.24,0.3,0.43,22.1,0,0,0,1.3,1.3,0.13,1.7,1.7
170,Patricia Guijarro,es ESP,MF,Barcelona,26,1998,16.1,7,53,12,22.6,3.28,0.74,0.13,0.58,20.5,0,0,0,4.3,4.3,0.08,2.7,2.7
171,Sheila Guijarro,es ESP,FW,Atlético Madrid,27,1996,15.3,3,38,20,52.6,2.49,1.31,0.08,0.15,11,0,0,0,5.6,5.6,0.15,-2.6,-2.6
172,Elene Guridi,es ESP,"MF,DF",Real Sociedad,22,2002,5.8,2,8,4,50,1.39,0.69,0.25,0.5,21.1,0,0,0,0.6,0.6,0.07,1.4,1.4
173,Paula Gutiérrez,,MF,Dep La Coruña,23,2001,24.5,2,15,6,40,0.61,0.24,0.13,0.33,24.1,0,0,0,0.9,0.9,0.06,1.1,1.1
174,Sarah Hagg,,DF,Valencia,22,2002,0.1,0,0,0,,0,0,,,,0,0,0,0,0,,0,0
175,Hanane Aït El Haj,ma MAR,"DF,FW",Valencia,29,1994,10.8,0,9,3,33.3,0.84,0.28,0,0,28.8,1,0,0,0.4,0.4,0.04,-0.4,-0.4
176,Ásdís Halldórsdóttir,,"FW,MF",Madrid CFF,24,1999,3.7,0,12,5,41.7,3.27,1.36,0,0,15.1,0,0,0,1.2,1.2,0.1,-1.2,-1.2
177,Ana Hernández,,"MF,FW",Espanyol,33,1990,0.8,0,1,0,0,1.32,0,0,,9.5,0,0,0,0.1,0.1,0.08,-0.1,-0.1
178,Oihane Hernández,es ESP,DF,Real Madrid,24,2000,5.7,0,3,2,66.7,0.52,0.35,0,0,19.5,0,0,0,0.1,0.1,0.02,-0.1,-0.1
179,Paola Hernández,es ESP,MF,UDG Tenerife,22,2002,0.6,0,0,0,,0,0,,,,0,0,0,0,0,,0,0
180,Patrícia Hmírová,sk SVK,"FW,MF",Dep La Coruña,30,1993,6.2,0,13,3,23.1,2.11,0.49,0,0,20.6,0,0,0,0.8,0.8,0.06,-0.8,-0.8
181,Isabelle Hoekstra,nl NED,"FW,MF",Espanyol,21,2003,0.7,0,0,0,,0,0,,,,0,0,0,0,0,,0,0
182,Emma Holmgren,se SWE,GK,Levante,27,1997,13.6,0,0,0,,0,0,,,,0,0,0,0,0,,0,0
183,Iara,,"FW,MF",Espanyol,22,2001,14,1,18,7,38.9,1.29,0.5,0.06,0.14,16.3,0,0,0,1.5,1.5,0.08,-0.5,-0.5
184,Edna Imade,ng NGA,FW,Granada,23,2000,26.4,16,87,32,36.8,3.29,1.21,0.17,0.47,15.8,0,1,1,11.8,11.1,0.13,4.2,3.9
185,Claudia Indias,,DF,Madrid CFF,16,2008,0.1,0,0,0,,0,0,,,,0,0,0,0,0,,0,0
186,Amaia Iribarren,,MF,Granada,21,2003,5.3,0,8,1,12.5,1.52,0.19,0,0,18.5,0,0,0,0.9,0.9,0.12,-0.9,-0.9
187,Miku Ito,jp JPN,MF,Granada,24,1999,13,1,12,2,16.7,0.92,0.15,0,0,18.4,0,1,1,1.3,0.6,0.05,-0.3,-0.6
188,Andreia Jacinto,pt POR,MF,Real Sociedad,22,2002,28.9,0,16,1,6.3,0.55,0.03,0,0,27.6,3,0,0,0.5,0.5,0.03,-0.5,-0.5
189,Synne Jensen,no NOR,"FW,MF",Atlético Madrid,28,1996,12.4,4,33,17,51.5,2.67,1.37,0.12,0.24,17.5,0,0,0,3.2,3.2,0.1,0.8,0.8
190,María Jiménez,,DF,Real Betis,23,2000,20,0,4,1,25,0.2,0.05,0,0,11.4,0,0,0,0.3,0.3,0.07,-0.3,-0.3
191,María José Pérez,es ESP,"FW,MF",UDG Tenerife,40,1984,10.8,4,18,14,77.8,1.67,1.3,0.22,0.29,20.7,1,0,0,1.8,1.8,0.1,2.2,2.2
192,Carla Julià,es ESP,MF,Levante Planas,,0,0.8,0,1,0,0,1.29,0,0,,27.9,0,0,0,0,0,0.02,0,0
193,Juliana,br BRA,DF,Granada,32,1991,13.5,1,15,4,26.7,1.11,0.3,0.07,0.25,12.2,0,0,0,0.7,0.7,0.04,0.3,0.3
194,Elena Julve,es ESP,"FW,MF",Levante Planas,23,2000,26.1,1,39,14,35.9,1.49,0.54,0.03,0.07,17.7,0,0,0,4.1,4.1,0.11,-3.1,-3.1
195,Chinyere Kalu,,"MF,FW",Real Betis,18,2005,1.8,0,2,0,0,1.11,0,0,,29.9,0,0,0,0,0,0.02,0,0
196,Fatoumata Kanteh,es ESP,"FW,MF",Sevilla,27,1997,20.8,6,39,12,30.8,1.88,0.58,0.15,0.5,19.3,0,0,0,5.6,5.6,0.14,0.4,0.4
197,Esther Laborde,es ESP,MF,Madrid CFF,20,2004,18.3,2,23,8,34.8,1.26,0.44,0.09,0.25,25.2,2,0,0,1.1,1.1,0.05,0.9,0.9
198,Anissa Lahmari,ma MAR,"MF,FW",Levante,27,1997,11.6,1,12,3,25,1.03,0.26,0.08,0.33,17.7,0,0,0,0.9,0.9,0.07,0.1,0.1
199,Maëlle Lakrar,fr FRA,DF,Real Madrid,24,2000,22.8,4,12,7,58.3,0.53,0.31,0.33,0.57,8.1,0,0,0,2.6,2.6,0.21,1.4,1.4
200,Naia Landaluze,es ESP,DF,Athletic Club,23,2000,19.1,0,13,3,23.1,0.68,0.16,0,0,14.6,0,0,0,1.1,1.1,0.09,-1.1,-1.1
201,Francisca Lara,cl CHI,"DF,MF",Dep La Coruña,34,1990,16.1,2,9,2,22.2,0.56,0.12,0.22,1,23.1,2,0,0,0.9,0.9,0.1,1.1,1.1
202,Patricia Larqué,es ESP,GK,Atlético Madrid,32,1992,3,0,0,0,,0,0,,,,0,0,0,0,0,,0,0
203,Bárbara Latorre,es ESP,"FW,MF",Dep La Coruña,31,1993,15.9,2,22,8,36.4,1.38,0.5,0.09,0.25,19.3,0,0,0,2,2,0.09,0,0
204,Linnéa Laupstad,no NOR,"FW,MF",UDG Tenerife,21,2003,3.2,1,7,1,14.3,2.16,0.31,0.14,1,14.6,0,0,0,0.6,0.6,0.09,0.4,0.4
205,Lauren,br BRA,DF,Atlético Madrid,21,2002,27.1,2,10,5,50,0.37,0.18,0.2,0.4,10.9,1,0,0,2.7,2.7,0.27,-0.7,-0.7
206,Claire Lavogez,fr FRA,"MF,FW",Real Sociedad,30,1994,9.7,3,29,9,31,2.99,0.93,0.1,0.33,21.1,2,0,0,3,3,0.1,0,0
207,Annelie Leitner,at AUT,"FW,MF",Eibar,28,1996,5.9,0,5,1,20,0.84,0.17,0,0,16.4,0,0,0,0.4,0.4,0.07,-0.4,-0.4
208,Leles,,"MF,DF",Granada,27,1997,16.9,0,10,1,10,0.59,0.06,0,0,23.7,1,0,0,0.4,0.4,0.04,-0.4,-0.4
209,Mapi León,es ESP,DF,Barcelona,29,1995,21.4,1,26,9,34.6,1.21,0.42,0.04,0.11,27.9,3,0,0,0.9,0.9,0.03,0.1,0.1
210,Paula León,es ESP,"MF,FW",Madrid CFF,23,2001,0.1,0,1,0,0,7.5,0,0,,28.3,0,0,0,0,0,0.02,0,0
211,Elene Lete,es ESP,GK,Real Sociedad,22,2002,26.5,0,0,0,,0,0,,,,0,0,0,0,0,,0,0
212,Melanie Leupolz,de GER,MF,Real Madrid,30,1994,12.9,0,17,3,17.6,1.31,0.23,0,0,19.4,0,0,0,0.8,0.8,0.05,-0.8,-0.8
213,Maren Lezeta,,MF,Real Sociedad,19,2005,8,0,11,4,36.4,1.37,0.5,0,0,22.3,0,0,0,0.4,0.4,0.04,-0.4,-0.4
214,Cristina Librán,,MF,Madrid CFF,18,2006,13.6,0,21,3,14.3,1.54,0.22,0,0,18.9,0,0,0,2,2,0.1,-2,-2
215,Nuria Ligero,es ESP,DF,Real Betis,32,1991,20.8,1,3,1,33.3,0.14,0.05,0.33,1,10.2,0,0,0,0.3,0.3,0.09,0.7,0.7
216,Eva Llamas,es ESP,DF,Sevilla,32,1992,25.4,1,13,5,38.5,0.51,0.2,0.08,0.2,19.3,0,0,0,1.2,1.2,0.09,-0.2,-0.2
217,María Llompart,es ESP,"MF,FW",Levante Planas,23,2000,28.5,4,63,19,30.2,2.21,0.67,0.02,0.05,23.2,3,3,4,7.3,4.2,0.07,-3.3,-3.2
218,Silvia Lloris,es ESP,DF,Atlético Madrid,20,2004,21.6,3,19,7,36.8,0.88,0.32,0.16,0.43,14.3,0,0,0,2.4,2.4,0.13,0.6,0.6
219,Alba López,es ESP,"DF,MF",Sevilla,19,2004,10.2,1,2,1,50,0.2,0.1,0.5,1,27.1,0,0,0,0.7,0.7,0.35,0.3,0.3
220,Bárbara López,es ESP,FW,Madrid CFF,18,2005,9.1,4,24,12,50,2.65,1.33,0.17,0.33,17.8,0,0,0,3.4,3.4,0.14,0.6,0.6
221,Laia López,es ESP,GK,Real Madrid,17,2007,2,0,0,0,,0,0,,,,0,0,0,0,0,,0,0
222,María López,es ESP,GK,Levante Planas,21,2002,20.3,0,0,0,,0,0,,,,0,0,0,0,0,,0,0
223,Victoria López,es ESP,"FW,MF",Barcelona,18,2006,15.3,10,67,27,40.3,4.39,1.77,0.15,0.37,17.1,0,0,0,11.5,11.5,0.17,-1.5,-1.5
224,Luany,br BRA,"FW,DF",Atlético Madrid,21,2003,11.3,4,19,6,31.6,1.68,0.53,0.21,0.67,16.7,0,0,0,2,2,0.11,2,2
225,Julia Maillo,,DF,Levante Planas,22,2002,0.3,0,0,0,,0,0,,,,0,0,0,0,0,,0,0
226,Ana Marcos,es ESP,FW,Valencia,24,2000,5.4,2,16,7,43.8,2.97,1.3,0.13,0.29,19.6,0,0,0,2,2,0.12,0,0
227,Cecilia Marcos,es ESP,"DF,FW",Real Sociedad,22,2001,13.1,0,12,6,50,0.92,0.46,0,0,17.1,1,0,0,1.3,1.3,0.11,-1.3,-1.3
228,Ainhoa Marín,,"FW,MF",Dep La Coruña,23,2001,25.9,3,32,13,40.6,1.23,0.5,0.09,0.23,17.9,0,0,0,3,3,0.09,0,0
229,Carolina Marín,,MF,Espanyol,27,1996,27.1,2,23,3,13,0.85,0.11,0.04,0.33,22.8,5,1,1,2,1.3,0.06,0,-0.3
230,Alice Marques,fr FRA,DF,Valencia,19,2005,24.8,0,13,3,23.1,0.52,0.12,0,0,10.8,0,0,0,1.1,1.1,0.08,-1.1,-1.1
231,Rosa Marquez,es ESP,MF,Real Betis,23,2000,28.2,5,25,6,24,0.89,0.21,0.12,0.5,21.6,1,2,2,3,1.5,0.06,2,1.5
232,Andrea Marrero,es ESP,DF,UDG Tenerife,27,1996,2.3,0,0,0,,0,0,,,,0,0,0,0,0,,0,0
233,Marina Martí,es ESP,"FW,MF",Valencia,27,1996,22.7,6,58,19,32.8,2.56,0.84,0.1,0.32,20.7,0,0,0,4.7,4.7,0.08,1.3,1.3
234,Emma Martín,,MF,Valencia,21,2002,4.3,2,6,2,33.3,1.39,0.46,0.33,1,28.4,0,0,0,0.1,0.1,0.02,1.9,1.9
235,Nazareth Martín,es ESP,DF,Sevilla,22,2002,9.2,1,3,1,33.3,0.32,0.11,0.33,1,15.4,0,0,0,1,1,0.34,0,0
236,Esther Martín-Pozuelo,es ESP,DF,Real Betis,25,1998,24.2,0,7,2,28.6,0.29,0.08,0,0,22.7,0,0,0,0.2,0.2,0.03,-0.2,-0.2
237,Amaia Martínez,,"DF,MF",Espanyol,20,2004,19.8,0,4,1,25,0.2,0.05,0,0,13,0,0,0,0.6,0.6,0.16,-0.6,-0.6
238,Asun Martínez,es ESP,"FW,DF",Valencia,22,2002,6.2,1,9,2,22.2,1.45,0.32,0.11,0.5,18.8,0,0,0,1.2,1.2,0.13,-0.2,-0.2
239,Bárbara Martínez,ve VEN,MF,UDG Tenerife,21,2003,0.2,0,0,0,,0,0,,,,0,0,0,0,0,,0,0
240,Cristina Martínez,,"DF,MF",Dep La Coruña,31,1993,9.4,0,6,3,50,0.64,0.32,0,0,22.6,0,0,0,0.2,0.2,0.03,-0.2,-0.2
241,Laura Martínez,es ESP,"DF,MF",Levante Planas,25,1999,13.1,0,7,0,0,0.53,0,0,,15.9,0,0,0,1,1,0.14,-1,-1
242,Lucía Martínez,es ESP,"MF,DF",Dep La Coruña,22,2001,23.6,0,7,3,42.9,0.3,0.13,0,0,35.4,1,0,0,0.2,0.2,0.02,-0.2,-0.2
243,Vera Martínez,,DF,Dep La Coruña,24,1999,30,0,12,1,8.3,0.4,0.03,0,0,11.5,0,0,0,0.7,0.7,0.06,-0.7,-0.7
244,Mireia Masegur,,DF,Eibar,21,2002,20.5,1,5,3,60,0.24,0.15,0.2,0.33,14.7,0,0,0,0.5,0.5,0.1,0.5,0.5
245,Ángela Mateos,,MF,Granada,19,2004,0.7,0,1,0,0,1.36,0,0,,18.4,0,0,0,0.1,0.1,0.07,-0.1,-0.1
246,Alicja Materek,pl POL,DF,Valencia,22,2001,0.2,0,1,0,0,4.74,0,0,,20.1,0,0,0,0,0,0.04,0,0
247,Kayla McKenna,jm JAM,"FW,MF",Madrid CFF,27,1996,6.2,3,7,4,57.1,1.12,0.64,0.43,0.75,15.9,0,0,0,1.6,1.6,0.23,1.4,1.4
248,Andrea Medina,es ESP,DF,Atlético Madrid,20,2004,17.7,0,13,2,15.4,0.73,0.11,0,0,14,0,0,0,1.1,1.1,0.09,-1.1,-1.1
249,Kamilla Melgård,no NOR,"FW,MF",Madrid CFF,18,2005,17.4,4,30,17,56.7,1.73,0.98,0.13,0.24,16,0,0,0,4.4,4.4,0.15,-0.4,-0.4
250,Lucía Méndez,,DF,UDG Tenerife,25,1999,1,0,1,0,0,1,0,0,,23.9,1,0,0,0.1,0.1,0.06,-0.1,-0.1
251,María Méndez,es ESP,DF,Real Madrid,23,2001,21.3,4,19,9,47.4,0.89,0.42,0.21,0.44,14.1,0,0,0,2.8,2.8,0.15,1.2,1.2
252,Núria Mendoza,es ESP,DF,Madrid CFF,28,1995,26.5,1,5,1,20,0.19,0.04,0.2,1,23.3,0,0,0,0.2,0.2,0.05,0.8,0.8
253,Teresa Mérida,es ESP,DF,Levante,22,2002,20.1,0,6,1,16.7,0.3,0.05,0,0,9,0,0,0,0.7,0.7,0.11,-0.7,-0.7
254,Ariadna Mingueza,es ESP,MF,Granada,21,2003,26.3,2,28,8,28.6,1.06,0.3,0.07,0.25,22.5,1,0,0,1.7,1.7,0.06,0.3,0.3
255,María Miralles,es ESP,GK,Eibar,27,1997,13.3,0,0,0,,0,0,,,,0,0,0,0,0,,0,0
256,Itsaso Miranda Aldosoro,,MF,Athletic Club,24,2000,0,0,0,0,,0,0,,,,0,0,0,0,0,,0,0
257,María Molina,es ESP,DF,Levante,24,2000,27.9,0,16,2,12.5,0.57,0.07,0,0,12.4,0,0,0,1.2,1.2,0.07,-1.2,-1.2
258,Gift Monday,ng NGA,FW,UDG Tenerife,22,2001,17.3,10,49,27,55.1,2.84,1.56,0.2,0.37,12,0,0,0,8.5,8.5,0.18,1.5,1.5
259,Mônica,br BRA,DF,Madrid CFF,46,1978,24.9,1,7,2,28.6,0.28,0.08,0,0,16.6,0,1,1,1.4,0.7,0.1,-0.4,-0.7
260,Margherita Monnecchi,it ITA,"FW,MF",Eibar,22,2001,19.5,2,19,8,42.1,0.97,0.41,0.11,0.25,15.9,0,0,0,2.6,2.6,0.13,-0.6,-0.6
261,Natalia Montilla,es ESP,MF,Espanyol,25,1998,0.7,1,1,1,100,1.36,1.36,1,1,15.6,0,0,0,0.1,0.1,0.08,0.9,0.9
262,Julia Mora,es ESP,DF,Levante Planas,26,1997,12.4,0,1,1,100,0.08,0.08,0,0,26.2,0,0,0,0,0,0.02,0,0
263,Lucía Moral,es ESP,FW,Sevilla,20,2004,9.9,1,18,7,38.9,1.81,0.7,0.06,0.14,21.5,0,0,0,1.7,1.7,0.1,-0.7,-0.7
264,Raquel Morcillo,es ESP,"FW,DF",Sevilla,25,1999,18,4,25,8,32,1.39,0.44,0.16,0.5,19.1,1,0,0,2.8,2.8,0.11,1.2,1.2
265,Emma Moreno,es ESP,FW,Atlético Madrid,17,2007,0.2,0,0,0,,0,0,,,,0,0,0,0,0,,0,0
266,Yerliane Moreno,ve VEN,MF,UDG Tenerife,23,2000,14.9,0,2,1,50,0.13,0.07,0,0,25.3,0,0,0,0.1,0.1,0.04,-0.1,-0.1
267,Yasmin Mrabet,ma MAR,"MF,DF",Valencia,24,1999,24.5,4,41,15,36.6,1.67,0.61,0.07,0.2,23.9,6,1,2,3.5,2.1,0.05,0.5,0.9
268,Henar Muiña,,"MF,DF",Dep La Coruña,24,1999,5.1,1,3,2,66.7,0.59,0.39,0.33,0.5,24.6,0,0,0,0.2,0.2,0.07,0.8,0.8
269,Blanca Muñoz,es ESP,DF,Real Betis,24,1999,18.1,1,5,2,40,0.28,0.11,0.2,0.5,23.5,0,0,0,0.2,0.2,0.04,0.8,0.8
270,Caroline Møller,dk DEN,"MF,FW",Real Madrid,25,1998,7.2,5,26,9,34.6,3.62,1.25,0.19,0.56,16.7,0,0,0,4.6,4.6,0.18,0.4,0.4
271,Ange N'Guessan,ci CIV,FW,UDG Tenerife,33,1990,8.1,1,6,1,16.7,0.74,0.12,0.17,1,13.7,0,0,0,0.6,0.6,0.1,0.4,0.4
272,Adriana Nanclares,es ESP,GK,Athletic Club,22,2002,29,0,0,0,,0,0,,,,0,0,0,0,0,,0,0
273,Emilie Nautnes,no NOR,FW,Madrid CFF,25,1999,12.4,9,30,16,53.3,2.42,1.29,0.3,0.56,13.2,0,0,0,5.4,5.4,0.18,3.6,3.6
274,Eva Navarro,es ESP,FW,Real Madrid,23,2001,10.7,2,24,6,25,2.25,0.56,0.08,0.33,18.5,0,0,0,2,2,0.08,0,0
275,Lorena Navarro,es ESP,"MF,FW",Real Sociedad,23,2000,7.7,0,10,3,30,1.3,0.39,0,0,24,0,0,0,0.3,0.3,0.03,-0.3,-0.3
276,Kika Nazareth,pt POR,"FW,MF",Barcelona,21,2002,11,3,38,9,23.7,3.47,0.82,0.08,0.33,13.7,0,0,0,6.1,6.1,0.16,-3.1,-3.1
277,Nerea Nevado,es ESP,"DF,MF",Athletic Club,23,2001,24.2,2,12,4,33.3,0.5,0.17,0.17,0.5,18.8,2,0,0,0.7,0.7,0.06,1.3,1.3
278,Morgan Nicoli,fr FRA,"MF,DF",Levante Planas,27,1997,0.7,0,0,0,,0,0,,,,0,0,0,0,0,,0,0
279,Anela Nigito,ar ARG,MF,Valencia,20,2004,0.3,0,0,0,,0,0,,,,0,0,0,0,0,,0,0
280,Blessing Nkor,,MF,Dep La Coruña,20,2003,0,0,0,0,,0,0,,,,0,0,0,0,0,,0,0
281,Paula Novo,,"MF,DF",Dep La Coruña,19,2005,7.4,0,1,0,0,0.13,0,0,,14.2,0,0,0,0,0,0.04,0,0
282,Irene Oguiza,es ESP,"MF,FW",Athletic Club,24,2000,6.8,4,7,6,85.7,1.04,0.89,0.57,0.67,10.5,0,0,0,1.8,1.8,0.28,2.2,2.2
283,Patricia Ojeda,es ESP,"DF,FW",Eibar,33,1991,18.6,1,5,1,20,0.27,0.05,0.2,1,21.9,0,0,0,0.6,0.6,0.11,0.4,0.4
284,Maite Oroz,es ESP,"FW,MF",Real Madrid,26,1998,0.3,1,1,1,100,3.1,3.1,1,1,6,0,0,0,0.6,0.6,0.55,0.4,0.4
285,Sara Ortega,es ESP,"MF,FW",Athletic Club,19,2005,23.8,2,29,9,31,1.22,0.38,0.07,0.22,19.2,0,0,0,2,2,0.07,0,0
286,Malena Ortiz,az AZE,"MF,DF",Valencia,27,1997,1.5,0,1,0,0,0.66,0,0,,30.7,0,0,0,0,0,0.02,0,0
287,Samara Ortíz,,"MF,DF",Dep La Coruña,27,1997,20.6,1,10,5,50,0.49,0.24,0.1,0.2,18.4,0,0,0,0.7,0.7,0.07,0.3,0.3
288,Rosa Otermín,es ESP,"DF,MF",Atlético Madrid,23,2000,14.3,3,19,8,42.1,1.33,0.56,0.16,0.38,18.1,1,0,0,1.4,1.4,0.07,1.6,1.6
289,Sakina Ouzraoui,ma MAR,"FW,MF",UDG Tenerife,22,2001,12.7,2,31,6,19.4,2.45,0.47,0.06,0.33,19.1,0,0,0,2.1,2.1,0.07,-0.1,-0.1
290,Jacqueline Owusu,gh GHA,MF,Real Sociedad,22,2002,0.1,0,1,0,0,11.25,0,0,,4.1,0,0,0,0.3,0.3,0.27,-0.3,-0.3
291,Judit Pablos,,"FW,MF",Espanyol,27,1997,6.7,1,10,2,20,1.48,0.3,0.1,0.5,15.3,0,0,0,1.4,1.4,0.14,-0.4,-0.4
292,Natalia Padilla-Bidas,pl POL,FW,Sevilla,21,2002,21.6,11,45,23,51.1,2.09,1.07,0.22,0.43,15.2,0,1,1,8.8,8,0.18,2.2,2
293,Ewa Pajor,pl POL,FW,Barcelona,27,1996,22.1,25,102,44,43.1,4.61,1.99,0.25,0.57,10.1,0,0,0,23.9,23.9,0.24,1.1,1.1
294,Salma Paralluelo,es ESP,FW,Barcelona,20,2003,9.9,7,49,17,34.7,4.94,1.72,0.14,0.41,14.9,2,0,0,5.8,5.8,0.12,1.2,1.2
295,Lucia Pardo,es ESP,"FW,MF",Real Sociedad,24,2000,15.2,6,37,16,43.2,2.44,1.05,0.16,0.38,17.4,3,0,0,3,3,0.08,3,3
296,Irene Paredes,es ESP,DF,Barcelona,33,1991,16.5,2,36,9,25,2.18,0.54,0.06,0.22,14.8,0,0,0,2.5,2.5,0.07,-0.5,-0.5
297,Paula Partido,es ESP,"FW,MF",Sevilla,19,2005,5.4,1,7,2,28.6,1.3,0.37,0.14,0.5,16.3,0,0,0,1.2,1.2,0.17,-0.2,-0.2
298,Pauleta,es ESP,"DF,FW",Valencia,26,1998,22.1,0,12,4,33.3,0.54,0.18,0,0,28.6,4,0,0,0.4,0.4,0.03,-0.4,-0.4
299,Alena Pěčková,cz CZE,"FW,DF",Eibar,23,2001,8.8,0,5,0,0,0.57,0,0,,16.5,0,0,0,0.4,0.4,0.07,-0.4,-0.4
300,Leire Peña,es ESP,"MF,FW",Eibar,23,2001,0.8,0,0,0,,0,0,,,,0,0,0,0,0,,0,0
301,Raquel Peña,es ESP,DF,UDG Tenerife,35,1988,22.8,1,16,4,25,0.7,0.18,0,0,28.3,5,1,1,1.4,0.7,0.04,-0.4,-0.7
302,Paula Perea,es ESP,DF,Espanyol,28,1996,22.2,1,13,4,30.8,0.59,0.18,0.08,0.25,21.4,0,0,0,0.7,0.7,0.05,0.3,0.3
303,Inês Pereira,pt POR,GK,Dep La Coruña,25,1999,27.6,0,0,0,,0,0,,,,0,0,0,0,0,,0,0
304,Alba Pérez,es ESP,DF,Granada,24,2000,24.7,0,5,0,0,0.2,0,0,,15.1,0,0,0,0.4,0.4,0.07,-0.4,-0.4
305,Laura Pérez,es ESP,"MF,FW",Granada,26,1998,23.5,1,35,8,22.9,1.49,0.34,0.03,0.13,16,1,0,0,3.1,3.1,0.09,-2.1,-2.1
306,Xènia Pérez,es ESP,DF,Atlético Madrid,22,2001,18.2,0,5,3,60,0.27,0.16,0,0,13.5,0,0,0,0.6,0.6,0.12,-0.6,-0.6
307,Claudia Pina,es ESP,FW,Barcelona,22,2001,17.2,10,88,42,47.7,5.11,2.44,0.11,0.24,18,4,0,0,7.7,7.7,0.09,2.3,2.3
308,Clara Pinedo,es ESP,MF,Athletic Club,20,2003,18.3,4,24,8,33.3,1.31,0.44,0.17,0.5,22.3,0,0,0,1.3,1.3,0.05,2.7,2.7
309,Itziar Pinillos,,DF,Levante Planas,23,2000,25,1,10,5,50,0.4,0.2,0.1,0.2,15.7,0,0,0,0.8,0.8,0.08,0.2,0.2
310,Tatiana Pinto,pt POR,"MF,FW",Atlético Madrid,30,1994,14.5,3,21,10,47.6,1.45,0.69,0.14,0.3,18,0,0,0,2.4,2.4,0.11,0.6,0.6
311,Esperanza Pizarro,uy URU,"FW,MF",Eibar,23,2001,22,5,47,16,34,2.13,0.73,0.11,0.31,22.6,6,0,0,3.6,3.6,0.08,1.4,1.4
312,Allegra Poljak,rs SRB,"DF,FW",Madrid CFF,25,1999,29.8,5,44,12,27.3,1.48,0.4,0.11,0.42,17.3,0,0,0,4.2,4.2,0.1,0.8,0.8
313,Macarena Portales,es ESP,"FW,MF",Levante Planas,25,1998,26.4,2,37,9,24.3,1.4,0.34,0.05,0.22,18.7,0,0,0,2.6,2.6,0.07,-0.6,-0.6
314,Cristina Postigo,es ESP,"DF,MF",Granada,26,1998,21.5,2,13,3,23.1,0.6,0.14,0.15,0.67,17.6,0,0,0,0.6,0.6,0.04,1.4,1.4
315,Berta Pujadas,es ESP,DF,Levante Planas,24,2000,29.3,0,7,1,14.3,0.24,0.03,0,0,18.8,0,0,0,0.5,0.5,0.07,-0.5,-0.5
316,Judit Pujols,es ESP,DF,Barcelona,19,2005,0.2,0,0,0,,0,0,,,,0,0,0,0,0,,0,0
317,Alexia Putellas,es ESP,"MF,FW",Barcelona,30,1994,18,16,70,28,40,3.9,1.56,0.16,0.39,16.1,3,5,5,12.5,8.9,0.13,3.5,2.1
318,Quiles,es ESP,DF,Real Sociedad,24,1999,6.1,0,3,2,66.7,0.49,0.33,0,0,10.9,0,0,0,0.2,0.2,0.07,-0.2,-0.2
319,Emma Ramírez,es ESP,DF,Real Sociedad,22,2002,23.8,0,22,4,18.2,0.93,0.17,0,0,22.2,0,0,0,0.9,0.9,0.04,-0.9,-0.9
320,Lucía Ramos,,"DF,FW",Granada,24,1999,2.7,0,3,0,0,1.1,0,0,,14.8,0,0,0,0.3,0.3,0.09,-0.3,-0.3
321,Natalia Ramos,es ESP,MF,UDG Tenerife,25,1999,2.5,0,2,1,50,0.81,0.41,0,0,30.6,1,0,0,0.1,0.1,0.04,-0.1,-0.1
322,Noelia Ramos,es ESP,GK,UDG Tenerife,25,1999,29,0,0,0,,0,0,,,,0,0,0,0,0,,0,0
323,Kerlly Real,ec ECU,DF,Valencia,25,1998,7.6,0,4,1,25,0.52,0.13,0,0,22.3,0,0,0,0.1,0.1,0.03,-0.1,-0.1
324,Alba Redondo,es ESP,"FW,MF",Real Madrid,27,1996,17.1,15,71,38,53.5,4.14,2.22,0.21,0.39,11.7,0,0,0,13.6,13.6,0.19,1.4,1.4
325,Alicia Redondo,es ESP,MF,Sevilla,22,2001,23.2,0,11,3,27.3,0.47,0.13,0,0,22.3,0,0,0,0.7,0.7,0.07,-0.7,-0.7
326,Laura Requena,es ESP,"FW,MF",Granada,34,1990,28.5,5,35,9,25.7,1.23,0.32,0.11,0.44,13.2,0,1,1,5.8,5,0.14,-0.8,-1
327,Nina Richard,fr FRA,"MF,FW",UDG Tenerife,23,2000,4.2,1,4,2,50,0.95,0.47,0.25,0.5,16.3,0,0,0,0.6,0.6,0.14,0.4,0.4
328,Marina Rivas,es ESP,"MF,FW",Madrid CFF,19,2005,0.6,0,1,0,0,1.7,0,0,,15.3,0,0,0,0.1,0.1,0.06,-0.1,-0.1
329,Martina Rivas,,GK,Dep La Coruña,18,2006,0.4,0,0,0,,0,0,,,,0,0,0,0,0,,0,0
330,Inés Rizo,,FW,Levante,19,2004,2.1,1,6,4,66.7,2.86,1.9,0.17,0.25,16.1,0,0,0,0.7,0.7,0.12,0.3,0.3
331,Rhiannon Roberts,wls WAL,DF,Real Betis,33,1990,20.6,1,11,3,27.3,0.53,0.15,0.09,0.33,12.1,0,0,0,1.4,1.4,0.12,-0.4,-0.4
332,Alba Rodao,es ESP,FW,Real Betis,18,2006,2.9,0,2,0,0,0.69,0,0,,25.2,0,0,0,0.1,0.1,0.03,-0.1,-0.1
333,Cinta Rodríguez,es ESP,DF,UDG Tenerife,24,1999,21,0,5,1,20,0.24,0.05,0,0,14.4,0,0,0,0.7,0.7,0.14,-0.7,-0.7
334,Clara Rodríguez,,DF,Granada,21,2003,2,0,0,0,,0,0,,,,0,0,0,0,0,,0,0
335,Lucía Rodríguez,es ESP,DF,Real Sociedad,25,1999,25.3,0,12,3,25,0.47,0.12,0,0,20.2,0,0,0,0.6,0.6,0.05,-0.6,-0.6
336,Lydia Rodríguez,,DF,Atlético Madrid,18,2005,0.3,0,0,0,,0,0,,,,0,0,0,0,0,,0,0
337,Misa Rodríguez,es ESP,GK,Real Madrid,25,1999,24,0,0,0,,0,0,,,,0,0,0,0,0,,0,0
338,Olaya Rodríguez,es ESP,"MF,FW",Dep La Coruña,19,2005,21.6,4,31,13,41.9,1.44,0.6,0.1,0.23,27.4,8,1,1,2.5,1.8,0.06,1.5,1.2
339,Ellie Roebuck,eng ENG,GK,Barcelona,24,1999,2,0,0,0,,0,0,,,,0,0,0,0,0,,0,0
340,Fridolina Rolfö,se SWE,DF,Barcelona,30,1993,14.4,5,23,10,43.5,1.6,0.7,0.17,0.4,13,0,1,1,4.5,3.7,0.16,0.5,0.3
341,Andrea Romero,es ESP,GK,Granada,29,1995,1,0,0,0,,0,0,,,,0,0,0,0,0,,0,0
342,Alba Ruiz,es ESP,"DF,MF",Madrid CFF,22,2001,8,0,12,2,16.7,1.5,0.25,0,0,23.4,0,0,0,0.4,0.4,0.03,-0.4,-0.4
343,Belén Ruíz,es ESP,GK,Madrid CFF,20,2004,5,0,0,0,,0,0,,,,0,0,0,0,0,,0,0
344,María Ruíz,es ESP,"MF,FW",Real Betis,23,2001,14.7,1,18,6,33.3,1.23,0.41,0.06,0.17,13.5,1,0,0,1.7,1.7,0.1,-0.7,-0.7
345,Malou Rylov,dk DEN,MF,Madrid CFF,21,2003,20.3,1,25,9,36,1.23,0.44,0.04,0.11,18,0,0,0,1.5,1.5,0.06,-0.5,-0.5
346,Enith Salón,es ESP,GK,Valencia,22,2001,5,0,0,0,,0,0,,,,0,0,0,0,0,,0,0
347,Romane Salvador,fr FRA,GK,Espanyol,26,1998,26.4,0,0,0,,0,0,,,,0,0,0,0,0,,0,0
348,Olga San Nicolás,es ESP,FW,Valencia,20,2003,4.5,0,10,1,10,2.22,0.22,0,0,16,0,0,0,1.2,1.2,0.12,-1.2,-1.2
349,Sanadri,es ESP,"FW,MF",Athletic Club,24,2000,1.5,0,5,1,20,3.31,0.66,0,0,15.7,0,0,0,0.7,0.7,0.15,-0.7,-0.7
350,Carlota Sánchez,,MF,Dep La Coruña,22,2002,0.3,0,0,0,,0,0,,,,0,0,0,0,0,,0,0
351,Laura Sánchez,,GK,Granada,18,2006,9.2,0,0,0,,0,0,,,,0,0,0,0,0,,0,0
352,Marina Sanchez,es ESP,MF,Real Betis,23,2000,10.3,0,1,0,0,0.1,0,0,,30.2,0,0,0,0,0,0.02,0,0
353,Nerea Sánchez,,MF,Madrid CFF,19,2004,0.6,0,0,0,,0,0,,,,0,0,0,0,0,,0,0
354,Paula Sánchez,es ESP,"MF,FW",Levante Planas,,0,1.2,0,1,1,100,0.83,0.83,0,0,23.3,0,0,0,0,0,0.01,0,0
355,Carla Santaliestra,es ESP,"FW,MF",Real Betis,20,2003,4.2,0,5,3,60,1.18,0.71,0,0,24.6,0,0,0,0.2,0.2,0.03,-0.2,-0.2
356,Olatz Santana,es ESP,GK,Real Sociedad,27,1997,0.5,0,0,0,,0,0,,,,0,0,0,0,0,,0,0
357,Erika Santoro,it ITA,DF,Real Betis,24,1999,3,0,0,0,,0,0,,,,0,0,0,0,0,,0,0
358,Elsa Santos,,MF,Real Madrid,17,2007,0.3,0,0,0,,0,0,,,,0,0,0,0,0,,0,0
359,Izarne Sarasola,es ESP,DF,Real Sociedad,22,2002,4.5,0,2,2,100,0.44,0.44,0,0,11.6,0,0,0,0.2,0.2,0.08,-0.2,-0.2
360,Amaiur Sarriegi,es ESP,FW,Real Sociedad,23,2000,22.6,10,79,35,44.3,3.5,1.55,0.13,0.29,13.2,2,0,0,10.6,10.6,0.13,-0.6,-0.6
361,Sydney Schertenleib,ch SUI,"MF,FW",Barcelona,17,2007,7.3,1,20,4,20,2.72,0.54,0.05,0.25,19,0,0,0,1.2,1.2,0.06,-0.2,-0.2
362,Bibiane Schulze-Solano,de GER,DF,Athletic Club,25,1998,2,0,0,0,,0,0,,,,0,0,0,0,0,,0,0
363,Mar Segarra,es ESP,GK,Espanyol,23,2001,3.5,0,0,0,,0,0,,,,0,0,0,0,0,,0,0
364,Melanie Serrano,es ESP,DF,Levante Planas,34,1989,10.3,1,10,6,60,0.98,0.59,0.1,0.17,31.1,4,0,0,0.4,0.4,0.04,0.6,0.6
365,Andrea Sierra,es ESP,"DF,MF",Eibar,26,1998,5.1,0,0,0,,0,0,,,,0,0,0,0,0,,0,0
366,Lena Silano,us USA,FW,UDG Tenerife,24,2000,3.2,0,7,3,42.9,2.16,0.92,0,0,16.9,0,0,0,0.5,0.5,0.08,-0.5,-0.5
367,Sofia Silva,pt POR,DF,Valencia,21,2002,4.9,0,0,0,,0,0,,,,0,0,0,0,0,,0,0
368,Silvi,,DF,Real Madrid,16,2008,0.5,0,0,0,,0,0,,,,0,0,0,0,0,,0,0
369,Bénédicte Simon,fr FRA,"DF,MF",Valencia,27,1997,6.2,0,6,3,50,0.96,0.48,0,0,28.9,0,0,0,0.1,0.1,0.02,-0.1,-0.1
370,Simona,,DF,Espanyol,29,1995,5.3,1,1,1,100,0.19,0.19,1,1,18.8,0,0,0,0.1,0.1,0.06,0.9,0.9
371,Gema Soliveres,es ESP,MF,Real Betis,23,2000,14.7,0,8,0,0,0.54,0,0,,28,0,0,0,0.2,0.2,0.03,-0.2,-0.2
372,Ángela Sosa,es ESP,MF,Levante,31,1993,20,1,25,8,32,1.25,0.4,0,0,21.7,3,1,1,2.2,1.5,0.06,-1.2,-1.5
373,Esther Sullastres,es ESP,GK,Sevilla,31,1993,27.8,0,0,0,,0,0,,,,0,0,0,0,0,,0,0
374,Ingrid Syrstad Engen,no NOR,"DF,MF",Barcelona,26,1998,18.7,1,12,3,25,0.64,0.16,0.08,0.33,9.4,0,0,0,1.1,1.1,0.09,-0.1,-0.1
375,Thea Sørbo,no NOR,MF,UDG Tenerife,21,2003,7.5,0,0,0,,0,0,,,,0,0,0,0,0,,0,0
376,Sara Tamarit,es ESP,"DF,MF",Valencia,,0,18.2,0,12,4,33.3,0.66,0.22,0,0,27.3,1,0,0,0.5,0.5,0.04,-0.5,-0.5
377,Laura Tanarro,,"FW,MF",Atlético Madrid,20,2004,0.3,0,1,1,100,3.46,3.46,0,0,16.4,0,0,0,0,0,0.04,0,0
378,Andrea Tarazona,es ESP,GK,Levante,20,2004,16.3,0,0,0,,0,0,,,,0,0,0,0,0,,0,0
379,Ana de Teresa,es ESP,"FW,MF",Dep La Coruña,22,2001,4.3,3,14,6,42.9,3.25,1.39,0.21,0.5,15.7,0,0,0,1.8,1.8,0.13,1.2,1.2
380,Sandie Toletti,fr FRA,MF,Real Madrid,29,1995,14.4,2,19,5,26.3,1.32,0.35,0.11,0.4,22.3,1,0,0,2.2,2.2,0.12,-0.2,-0.2
381,Mar Torrás,,MF,Espanyol,28,1996,21.6,0,26,2,7.7,1.21,0.09,0,0,16,0,0,0,2,2,0.08,-2,-2
382,Maddi Torre,es ESP,DF,Athletic Club,28,1996,27.4,2,15,3,20,0.55,0.11,0.13,0.67,9.4,0,0,0,2.4,2.4,0.16,-0.4,-0.4
383,Marta Torrejón,es ESP,DF,Barcelona,34,1990,12.9,2,20,4,20,1.55,0.31,0.1,0.5,12.7,0,0,0,1.7,1.7,0.09,0.3,0.3
384,Julia Torres,,"FW,DF",Sevilla,,0,0.7,0,0,0,,0,0,,,,0,0,0,0,0,,0,0
385,Anna Torroda,es ESP,MF,Levante,24,2000,17.5,0,7,0,0,0.4,0,0,,23.3,0,0,0,0.3,0.3,0.04,-0.3,-0.3
386,Emma Tovar,,"MF,DF",Valencia,20,2003,1.8,0,1,0,0,0.55,0,0,,27.7,0,0,0,0,0,0.05,0,0
387,Cameron Tucker,us USA,MF,Levante,25,1999,0.3,0,0,0,,0,0,,,,0,0,0,0,0,,0,0
388,Amanda Uju,ng NGA,MF,Espanyol,25,1999,4.6,1,7,4,57.1,1.53,0.88,0.14,0.25,22.1,0,0,0,0.7,0.7,0.1,0.3,0.3
389,Paola Ulloa,,GK,Madrid CFF,27,1996,25,0,0,0,,0,0,,,,0,0,0,0,0,,0,0
390,Malen Uranga,,FW,Eibar,21,2002,0.8,0,0,0,,0,0,,,,0,0,0,0,0,,0,0
391,Mirari Uria,es ESP,"FW,MF",Real Sociedad,21,2003,8.9,1,17,5,29.4,1.91,0.56,0.06,0.2,11.6,0,0,0,2.1,2.1,0.12,-1.1,-1.1
392,Itxaso Uriarte,es ESP,MF,Athletic Club,32,1991,0.1,0,0,0,,0,0,,,,0,0,0,0,0,,0,0
393,Naroa Uriarte,es ESP,DF,Granada,23,2001,0,0,0,0,,0,0,,,,0,0,0,0,0,,0,0
394,Irina Uribe,es ESP,"FW,MF",Levante Planas,26,1998,14.7,2,23,10,43.5,1.56,0.68,0.09,0.2,15.9,1,0,0,3.3,3.3,0.14,-1.3,-1.3
395,Maite Valero,,"MF,FW",Athletic Club,20,2003,17.5,2,23,8,34.8,1.31,0.46,0.09,0.25,15.1,0,0,0,2,2,0.09,0,0
396,Lucía Vallejo,,"DF,FW",Espanyol,21,2003,14.1,0,10,3,30,0.71,0.21,0,0,20,0,0,0,0.6,0.6,0.06,-0.6,-0.6
397,Eva Van Deursen,nl NED,MF,Eibar,25,1999,10.2,0,5,0,0,0.49,0,0,,24.7,0,0,0,0.2,0.2,0.04,-0.2,-0.2
398,Manuela Vanegas,co COL,DF,Real Sociedad,23,2000,11,3,9,3,33.3,0.82,0.27,0.33,1,20.7,5,0,0,0.7,0.7,0.07,2.3,2.3
399,Michele Vasconcelos,us USA,"MF,FW",Levante Planas,30,1994,0.2,0,0,0,,0,0,,,,0,0,0,0,0,,0,0
400,Elena Vázquez,,DF,Dep La Coruña,16,2007,4.1,0,0,0,,0,0,,,,0,0,0,0,0,,0,0
401,Elba Vergés Prats,fr FRA,DF,Eibar,28,1995,29,3,16,8,50,0.55,0.28,0.19,0.38,14.7,0,0,0,2,2,0.13,1,1
402,Ainhoa Vicente,es ESP,DF,Atlético Madrid,28,1995,27.1,1,11,4,36.4,0.41,0.15,0.09,0.25,23.8,0,0,0,0.8,0.8,0.07,0.2,0.2
403,Ornella Vignola,es ESP,"MF,FW",Granada,19,2004,23.6,3,48,12,25,2.04,0.51,0.06,0.25,21,0,0,0,2.6,2.6,0.05,0.4,0.4
404,Vilariño,,"FW,DF",Athletic Club,22,2002,10,3,14,6,42.9,1.39,0.6,0.21,0.5,14.2,0,0,0,2.1,2.1,0.15,0.9,0.9
405,Elene Viles,es ESP,"DF,MF",Real Sociedad,23,2001,2,0,0,0,,0,0,,,,0,0,0,0,0,,0,0
406,Sandra Villafañe,es ESP,DF,Madrid CFF,18,2005,24.8,0,3,0,0,0.12,0,0,,14.3,0,0,0,0.1,0.1,0.03,-0.1,-0.1
407,Ana Vitória,br BRA,MF,Atlético Madrid,24,2000,5.9,1,7,2,28.6,1.18,0.34,0.14,0.5,17.4,0,0,0,0.9,0.9,0.12,0.1,0.1
408,Paula Vizoso,,GK,Real Betis,24,2000,20.3,0,0,0,,0,0,,,,0,0,0,0,0,,0,0
409,Keira Walsh,eng ENG,MF,Barcelona,27,1997,10.1,2,9,2,22.2,0.89,0.2,0.22,1,22.4,0,0,0,0.5,0.5,0.05,1.5,1.5
410,Caroline Weir,sct SCO,"MF,FW",Real Madrid,29,1995,18,10,57,25,43.9,3.16,1.39,0.14,0.32,19,2,2,2,9.4,8,0.14,0.6,0
411,Michaela Workou,,"DF,MF",Levante,17,2006,0.3,0,0,0,,0,0,,,,0,0,0,0,0,,0,0
412,Yasmim,br BRA,DF,Real Madrid,27,1996,9.6,0,7,2,28.6,0.73,0.21,0,0,18.7,0,0,0,0.4,0.4,0.06,-0.4,-0.4
413,Iraia Yerobi,,MF,Eibar,20,2004,0.1,0,0,0,,0,0,,,,0,0,0,0,0,,0,0
414,Lee Young-ju,kr KOR,MF,Levante Planas,32,1992,13.1,0,7,2,28.6,0.53,0.15,0,0,14.4,0,0,0,0.7,0.7,0.09,-0.7,-0.7
415,Aleksandra Zaremba,pl POL,"DF,MF",UDG Tenerife,23,2001,24,2,14,5,35.7,0.58,0.21,0.14,0.4,23.9,0,0,0,0.8,0.8,0.06,1.2,1.2
416,Yasmine Zouhir,ma MAR,FW,Real Betis,19,2005,9,2,12,6,50,1.33,0.67,0.17,0.33,18.6,0,0,0,1,1,0.09,1,1
417,Maite Zubieta,es ESP,"MF,DF",Athletic Club,20,2004,24.8,1,16,8,50,0.65,0.32,0.06,0.13,24.3,3,0,0,0.8,0.8,0.05,0.2,0.2
418,Patricia Zugasti,es ESP,"FW,MF",Athletic Club,23,2000,5.9,1,12,1,8.3,2.05,0.17,0.08,1,18.3,0,0,0,0.7,0.7,0.06,0.3,0.3
